Image Size,Accuracy,AUROC,Precision,Recall,F1
1024,0.8862597284752033,0.9002993005387586,0.5666109253065775,0.544019266791544,0.5550853242320819
