Image Size,Accuracy,AUROC,Precision,Recall,F1
1024,0.9199036750078524,0.9392416319207167,0.7148390941597139,0.6419587904736419,0.6764415621034823
