Image Size,Accuracy,AUROC,Precision,Recall,F1
1024,0.7714724461661955,0.8466929072451248,0.7713553113553113,0.7544425336772714,0.762805187278128
