Image Size,Accuracy,AUROC,Precision,Recall,F1
1024,0.8645168045230865,0.9227951052455328,0.8996845727394379,0.913480201863354,0.9065299046518348
