Image Size,Accuracy,AUROC,Precision,Recall,F1
1024,0.8293372421735944,0.8905109952653745,0.8937374749498997,0.8656347049689441,0.8794616446460264
