Image Size,Accuracy,AUROC,Precision,Recall,F1
1024,0.90074337765679,0.8636078451271574,0.654179990863408,0.4069337880079568,0.5017519271198319
