Image Size,Accuracy,AUROC,Precision,Recall,F1
1024,0.7523121488151328,0.8330810090735743,0.7543312258806142,0.6911676196208245,0.7213694004946802
