Image Size,Accuracy,AUROC,Precision,Recall,F1
1024,0.7629218580951383,0.8376157012638314,0.8075597066382498,0.7758039262917018,0.7913633711109064
