Image Size,Accuracy,AUROC,Precision,Recall,F1
1024,0.7993229330262102,0.8785938433669769,0.7913234876455553,0.7985812553740327,0.7949358059914408
