Image Size,Accuracy,AUROC,Precision,Recall,F1
1024,0.7994276341046312,0.877206219815858,0.8258416851707375,0.8286763820305914,0.8272566052481289
