Image Size,Accuracy,AUROC,Precision,Recall,F1
1024,0.8755453181167766,0.7458077503670976,0.4776828110161443,0.1429383347541915,0.2200349956255468
