Image Size,Accuracy,AUROC,Precision,Recall,F1
1024,0.7853976895962028,0.8760145636748315,0.7950433705080545,0.7240445380680108,0.757884789542072
