Image Size,Accuracy,AUROC,Precision,Recall,F1
1024,0.5168045230865878,0.6683550302330443,0.696113074204947,0.014115792490685,0.027670482477702
