Image Size,Accuracy,AUROC,Precision,Recall,F1
1024,0.5128956828255331,0.5876010229410435,0.4666666666666667,0.0005015763829177,0.0010020757282943
