Image Size,Accuracy,AUROC,Precision,Recall,F1
1024,0.420793634174432,0.5027175993747481,0.7083333333333334,0.0010237263639648,0.0020444978953698
