Image Size,Accuracy,AUROC,Precision,Recall,F1
1024,0.4205493316581161,0.5513892374502007,1.0,0.0001806575936408,0.0003612499247395
