Image Size,Accuracy,AUROC,Precision,Recall,F1
1024,0.8694377552088787,0.6643763451941902,0.25,0.0005351886540005,0.0010680907877169
