Image Size,Accuracy,AUROC,Precision,Recall,F1
1024,0.8684256447841413,0.6446320541488225,0.4569190600522193,0.0468290072250468,0.0849514563106796
