Image Size,Accuracy,AUROC,Precision,Recall,F1
1024,0.2807733919659372,0.4755447117388989,0.5,0.0001455745341614,0.0002910643252158
