Image Size,Accuracy,AUROC,Precision,Recall,F1
1024,0.3107179003943741,0.6528457393678417,0.8274809160305343,0.0526009316770186,0.0989141345013231
