Image Size,Accuracy,AUROC,Precision,Recall,F1
1024,0.4640351795623494,0.5130239503478948,0.463851836291706,0.9967649714113752,0.6330904312507466
