Image Size,Accuracy,AUROC,Precision,Recall,F1
1024,0.8770111332146721,0.6323992459807305,0.1428571428571428,0.0002841716396703,0.0005672149744753
