Image Size,Accuracy,AUROC,Precision,Recall,F1
1024,0.4753777963913028,0.5595997166438929,0.4685625496856255,0.9755492025278364,0.6330615632475711
