Image Size,Accuracy,AUROC,Precision,Recall,F1
1024,0.8767668306983561,0.6122524671568295,0.2,0.0011366865586814,0.0022605255721955
