Disease,Model,Image Size,Pretrained,Accuracy,AUROC,Precision,Recall,F1
Cardiomegaly,efficientnet-b0,1024,False,0.7882944194325202,0.8654496098678747,0.7789835892006353,0.8861254968083825,0.829107505070994
Lung Opacity,efficientnet-b0,1024,False,0.845810211845182,0.910134599293956,0.8564509026860414,0.9438082298136646,0.8980100650999584
Edema,efficientnet-b0,1024,False,0.7819425540083063,0.8676717864766232,0.7382627519956704,0.8210201625037616,0.777445323074731
No Finding,efficientnet-b0,1024,False,0.8972882420688933,0.9150877104953296,0.7240406320541761,0.3433235215413433,0.4657832637502269
Pneumothorax,efficientnet-b0,1024,False,0.8816179806652008,0.784685334122601,0.7123745819397993,0.0605285592497868,0.1115767417496071
Pleural Effusion,efficientnet-b0,1024,False,0.7625728545004014,0.8508366982863727,0.7105433566845235,0.8648609916881628,0.7801441359919853
