Disease,Model,Image Size,Pretrained,Accuracy,AUROC,Precision,Recall,F1
Cardiomegaly,efficientnet-b0,1024,True,0.8005793459672634,0.8753714612748469,0.8162968985944942,0.846380826207395,0.8310666982024598
Lung Opacity,efficientnet-b0,1024,True,0.8653544131504555,0.9228744791043394,0.9062378734963136,0.9065896739130436,0.906413739569183
Edema,efficientnet-b0,1024,True,0.7912609499877848,0.8770248786144932,0.7851181655097106,0.7572976226301534,0.7709569946003906
No Finding,efficientnet-b0,1024,True,0.9209855861515374,0.9377435397277908,0.7371980676328502,0.6125234145036125,0.6691026015784858
Pneumothorax,efficientnet-b0,1024,True,0.9020346909573168,0.8678093263246254,0.672983479105928,0.3935777209434498,0.4966828043751121
Pleural Effusion,efficientnet-b0,1024,True,0.7963564024709454,0.8778314281533699,0.7952876154461493,0.7836056176554886,0.7894033998628506
