Image Size,Accuracy,AUROC,Precision,Recall,F1
1024,0.9020346909573168,0.8678093263246254,0.672983479105928,0.3935777209434498,0.4966828043751121
