Image Size,Accuracy,AUROC,Precision,Recall,F1
1024,0.7819425540083063,0.8676717864766232,0.7382627519956704,0.8210201625037616,0.777445323074731
