Image Size,Accuracy,AUROC,Precision,Recall,F1
1024,0.9209855861515374,0.9377435397277908,0.7371980676328502,0.6125234145036125,0.6691026015784858
