Image Size,Accuracy,AUROC,Precision,Recall,F1
1024,0.8005793459672634,0.8753714612748469,0.8162968985944942,0.846380826207395,0.8310666982024598
