Image Size,Accuracy,AUROC,Precision,Recall,F1
1024,0.8972882420688933,0.9150877104953296,0.7240406320541761,0.3433235215413433,0.4657832637502269
