Image Size,Accuracy,AUROC,Precision,Recall,F1
1024,0.7882944194325202,0.8654496098678747,0.7789835892006353,0.8861254968083825,0.829107505070994
