Image Size,Accuracy,AUROC,Precision,Recall,F1
1024,0.845810211845182,0.910134599293956,0.8564509026860414,0.9438082298136646,0.8980100650999584
