Image Size,Accuracy,AUROC,Precision,Recall,F1
1024,0.8653544131504555,0.9228744791043394,0.9062378734963136,0.9065896739130436,0.906413739569183
