Image Size,Accuracy,AUROC,Precision,Recall,F1
1024,0.7912609499877848,0.8770248786144932,0.7851181655097106,0.7572976226301534,0.7709569946003906
