Image Size,Accuracy,AUROC,Precision,Recall,F1
1024,0.7625728545004014,0.8508366982863727,0.7105433566845235,0.8648609916881628,0.7801441359919853
