Image Size,Accuracy,AUROC,Precision,Recall,F1
1024,0.8816179806652008,0.784685334122601,0.7123745819397993,0.0605285592497868,0.1115767417496071
