Image Size,Accuracy,AUROC,Precision,Recall,F1
1024,0.7963564024709454,0.8778314281533699,0.7952876154461493,0.7836056176554886,0.7894033998628506
