Image Size,Accuracy,AUROC,Precision,Recall,F1
1024,0.9103060761525844,0.901947872560224,0.6736187339919503,0.5231599886331344,0.5889315419065899
