Image Size,Accuracy,AUROC,Precision,Recall,F1
1024,0.8109796530904269,0.8864290846438986,0.8251016850668216,0.8551126099000361,0.8398391294061982
