Image Size,Accuracy,AUROC,Precision,Recall,F1
1024,0.8046626880256866,0.8901438732905806,0.7950763095329396,0.7799428227505266,0.7874368614940565
