Image Size,Accuracy,AUROC,Precision,Recall,F1
1024,0.812026663874638,0.8927150061119002,0.7916156254253437,0.8334766408713098,0.8120069808027923
