Image Size,Accuracy,AUROC,Precision,Recall,F1
1024,0.9052106236694238,0.8861841874526113,0.7004493260109835,0.3986928104575163,0.5081492212966316
