Image Size,Accuracy,AUROC,Precision,Recall,F1
1024,0.9264300422294348,0.9458598820857992,0.7554092191909689,0.6446347337436447,0.6956396188276062
