Image Size,Accuracy,AUROC,Precision,Recall,F1
1024,0.87209018252888,0.9313401946880708,0.8938583848621507,0.9329386645962732,0.9129805066837618
