Image Size,Accuracy,AUROC,Precision,Recall,F1
1024,0.9208459847136424,0.9452012280126624,0.7590828924162257,0.5758629917045759,0.6548995739500914
