Image Size,Accuracy,AUROC,Precision,Recall,F1
1024,0.8696820577251946,0.9278680595900776,0.9002371916508539,0.9208559782608696,0.9104298599117252
