Image Size,Accuracy,AUROC,Precision,Recall,F1
1024,0.8154817994625345,0.8911899578431624,0.8227913078195402,0.8687221486209804,0.8451331321948504
