Image Size,Accuracy,AUROC,Precision,Recall,F1
1024,0.8019404599867379,0.8872421218556641,0.7980746654144165,0.7671531748420102,0.7823084890099352
