Image Size,Accuracy,AUROC,Precision,Recall,F1
1024,0.8110494538093742,0.8895785558059756,0.7930159165751921,0.8282459157351677,0.8102481424365624
