Image Size,Accuracy,AUROC,Precision,Recall,F1
1024,0.875266115240987,0.9355065788711788,0.8920909676825338,0.9403144409937888,0.9155681549728324
