Disease,Model,Image Size,Pretrained,Accuracy,AUROC,Precision,Recall,F1
Cardiomegaly,efficientnet-b0,1024,True,0.8173315185146407,0.8916942905012296,0.8318160597572363,0.8583644465855714,0.8448817497480884
Lung Opacity,efficientnet-b0,1024,True,0.8762782256657243,0.9329909471760168,0.9027141845645504,0.9279891304347826,0.9151771827818056
Edema,efficientnet-b0,1024,True,0.8092695354762154,0.8946428895724785,0.7984898177103196,0.7876166114956364,0.7930159451577472
No Finding,efficientnet-b0,1024,True,0.9306180853662792,0.9530725458573722,0.7623762376237624,0.67995718490768,0.7188118811881188
Pneumothorax,efficientnet-b0,1024,True,0.917635151642062,0.9167178162050558,0.7185967559411542,0.5413469735720375,0.6175040518638574
Pleural Effusion,efficientnet-b0,1024,True,0.8184832303772729,0.8963506536050383,0.7907285647871422,0.85310977357409,0.8207355323475684
