Image Size,Accuracy,AUROC,Precision,Recall,F1
1024,0.8184832303772729,0.8963506536050383,0.7907285647871422,0.85310977357409,0.8207355323475684
