Image Size,Accuracy,AUROC,Precision,Recall,F1
1024,0.8198094440372736,0.8963390616668279,0.8246241134751773,0.875225821992051,0.8491718033361573
