Image Size,Accuracy,AUROC,Precision,Recall,F1
1024,0.917635151642062,0.9167178162050558,0.7185967559411542,0.5413469735720375,0.6175040518638574
