Image Size,Accuracy,AUROC,Precision,Recall,F1
1024,0.9262206400725927,0.9517508397388358,0.7439134355275022,0.6622959593256623,0.700736126840317
