Image Size,Accuracy,AUROC,Precision,Recall,F1
1024,0.9095033678846892,0.8989919007125502,0.7046861184792219,0.4529695936345552,0.5514616848296142
