Image Size,Accuracy,AUROC,Precision,Recall,F1
1024,0.8092695354762154,0.8946428895724785,0.7984898177103196,0.7876166114956364,0.7930159451577472
