Image Size,Accuracy,AUROC,Precision,Recall,F1
1024,0.8155516001814819,0.8973451671602424,0.7812885226756634,0.8628546861564919,0.8200483503013382
