Image Size,Accuracy,AUROC,Precision,Recall,F1
1024,0.8075245175025303,0.8964491823944639,0.7654085045389393,0.8436653626241348,0.8026339333643489
