Image Size,Accuracy,AUROC,Precision,Recall,F1
1024,0.9306180853662792,0.9530725458573722,0.7623762376237624,0.67995718490768,0.7188118811881188
