Image Size,Accuracy,AUROC,Precision,Recall,F1
1024,0.8173315185146407,0.8916942905012296,0.8318160597572363,0.8583644465855714,0.8448817497480884
