Image Size,Accuracy,AUROC,Precision,Recall,F1
1024,0.8762782256657243,0.9329909471760168,0.9027141845645504,0.9279891304347826,0.9151771827818056
