Image Size,Accuracy,AUROC,Precision,Recall,F1
1024,0.5346037064181761,0.5581248863861278,0.4987913879363652,0.6675443876015649,0.5709597503297835
