Image Size,Accuracy,AUROC,Precision,Recall,F1
1024,0.7260321781314347,0.6172746757120396,0.1782796018422225,0.3410059676044331,0.2341463414634146
