Image Size,Accuracy,AUROC,Precision,Recall,F1
1024,0.513139985341849,0.6287423846479627,0.7142857142857143,0.0007165376898824,0.0014316392269148
