Image Size,Accuracy,AUROC,Precision,Recall,F1
1024,0.4183157086517991,0.4258782502883418,0.4681960375391032,0.0270384198482476,0.0511243951038998
