Image Size,Accuracy,AUROC,Precision,Recall,F1
1024,0.5128956828255331,0.5796318362361375,0.4545454545454545,0.0003582688449412,0.0007159733657907
