Image Size,Accuracy,AUROC,Precision,Recall,F1
1024,0.8677276375946672,0.6506648047903896,0.2773109243697479,0.0088306127910088,0.0171161825726141
