Disease,Model,Image Size,Pretrained,Accuracy,AUROC,Precision,Recall,F1
Cardiomegaly,efficientnet-b0,1024,False,0.4204446305796949,0.5806139810852234,0.5,0.0001806575936408,0.0003611846857693
Lung Opacity,efficientnet-b0,1024,False,0.2808780930443583,0.4215814020706507,0.5348837209302325,0.0011160714285714,0.0022274950365599
Edema,efficientnet-b0,1024,False,0.4635465745297176,0.4568636105368476,0.4548180988394836,0.78724044538068,0.5765448083969256
No Finding,efficientnet-b0,1024,False,0.8413080654730744,0.5387517472139625,0.1113243761996161,0.031040941932031,0.048545720862105
Pneumothorax,efficientnet-b0,1024,False,0.7260321781314347,0.6172746757120396,0.1782796018422225,0.3410059676044331,0.2341463414634146
Pleural Effusion,efficientnet-b0,1024,False,0.5128956828255331,0.5796318362361375,0.4545454545454545,0.0003582688449412,0.0007159733657907
