Image Size,Accuracy,AUROC,Precision,Recall,F1
1024,0.4635465745297176,0.4568636105368476,0.4548180988394836,0.78724044538068,0.5765448083969256
