Disease,Model,Image Size,Pretrained,Accuracy,AUROC,Precision,Recall,F1
Cardiomegaly,efficientnet-b0,1024,True,0.4183157086517991,0.4258782502883418,0.4681960375391032,0.0270384198482476,0.0511243951038998
Lung Opacity,efficientnet-b0,1024,True,0.5615467839318745,0.6024984866521392,0.7778929188255613,0.546389751552795,0.6419063364022461
Edema,efficientnet-b0,1024,True,0.5346037064181761,0.5581248863861278,0.4987913879363652,0.6675443876015649,0.5709597503297835
No Finding,efficientnet-b0,1024,True,0.8677276375946672,0.6506648047903896,0.2773109243697479,0.0088306127910088,0.0171161825726141
Pneumothorax,efficientnet-b0,1024,True,0.8764527274630929,0.6064600080595572,0.2558139534883721,0.0031258880363739,0.0061763054463784
Pleural Effusion,efficientnet-b0,1024,True,0.513139985341849,0.6287423846479627,0.7142857142857143,0.0007165376898824,0.0014316392269148
