Image Size,Accuracy,AUROC,Precision,Recall,F1
1024,0.8413080654730744,0.5387517472139625,0.1113243761996161,0.031040941932031,0.048545720862105
