Image Size,Accuracy,AUROC,Precision,Recall,F1
1024,0.5615467839318745,0.6024984866521392,0.7778929188255613,0.546389751552795,0.6419063364022461
