Image Size,Accuracy,AUROC,Precision,Recall,F1
1024,0.4204446305796949,0.5806139810852234,0.5,0.0001806575936408,0.0003611846857693
