Image Size,Accuracy,AUROC,Precision,Recall,F1
1024,0.8764527274630929,0.6064600080595572,0.2558139534883721,0.0031258880363739,0.0061763054463784
