Image Size,Accuracy,AUROC,Precision,Recall,F1
1024,0.2808780930443583,0.4215814020706507,0.5348837209302325,0.0011160714285714,0.0022274950365599
