Image Size,Accuracy,AUROC,Precision,Recall,F1
1024,0.8688793494572994,0.6670441369112071,0.3275862068965517,0.005084292213005,0.0100131752305665
