Image Size,Accuracy,AUROC,Precision,Recall,F1
1024,0.5298223571702788,0.5716184908550119,0.7630880401120779,0.5021836180124224,0.605736025753585
