Image Size,Accuracy,AUROC,Precision,Recall,F1
1024,0.5129654835444805,0.6266978632852913,0.6666666666666666,0.0001433075379764,0.0002865534780428
