Image Size,Accuracy,AUROC,Precision,Recall,F1
1024,0.5570446375597669,0.5903982664925418,0.5179425837320574,0.6515197111044237,0.5771024923363988
