Image Size,Accuracy,AUROC,Precision,Recall,F1
1024,0.279970683698042,0.4179759367436277,0.3424657534246575,0.0012131211180124,0.0024176780619892
