Image Size,Accuracy,AUROC,Precision,Recall,F1
1024,0.4200956269849579,0.5147554680176375,0.4912587412587412,0.0169215946043598,0.0327162649901036
