Image Size,Accuracy,AUROC,Precision,Recall,F1
1024,0.6799288032666736,0.6173912772127925,0.1711659297184082,0.4180164819551009,0.2428795508957318
