Image Size,Accuracy,AUROC,Precision,Recall,F1
1024,0.5128956828255331,0.473712164279641,0.3333333333333333,7.165376898824878e-05,0.0001432767390214
