Image Size,Accuracy,AUROC,Precision,Recall,F1
1024,0.4575437127002408,0.466889983942083,0.4501086041047918,0.7639181462533855,0.5664556079328331
