Image Size,Accuracy,AUROC,Precision,Recall,F1
1024,0.8686699473004572,0.6493177042752329,0.2833333333333333,0.0045491035590045,0.0089544377139847
