Image Size,Accuracy,AUROC,Precision,Recall,F1
1024,0.8766970299794088,0.5567240240223739,0.15,0.000852514919011,0.0016953941791466
