Image Size,Accuracy,AUROC,Precision,Recall,F1
1024,0.4168498935539036,0.4313482074168917,0.4696880517951736,0.0480549199084668,0.087189292543021
