Disease,Model,Image Size,Pretrained,Accuracy,AUROC,Precision,Recall,F1
Cardiomegaly,efficientnet-b0,1024,True,0.4168498935539036,0.4313482074168917,0.4696880517951736,0.0480549199084668,0.087189292543021
Lung Opacity,efficientnet-b0,1024,True,0.5298223571702788,0.5716184908550119,0.7630880401120779,0.5021836180124224,0.605736025753585
Edema,efficientnet-b0,1024,True,0.5570446375597669,0.5903982664925418,0.5179425837320574,0.6515197111044237,0.5771024923363988
No Finding,efficientnet-b0,1024,True,0.8686699473004572,0.6493177042752329,0.2833333333333333,0.0045491035590045,0.0089544377139847
Pneumothorax,efficientnet-b0,1024,True,0.8766970299794088,0.5567240240223739,0.15,0.000852514919011,0.0016953941791466
Pleural Effusion,efficientnet-b0,1024,True,0.5129654835444805,0.6266978632852913,0.6666666666666666,0.0001433075379764,0.0002865534780428
