Image Size,Accuracy,AUROC,Precision,Recall,F1
1024,0.7902837399225212,0.8773404433177783,0.7446422573060127,0.8338850436352694,0.786740958938141
