Image Size,Accuracy,AUROC,Precision,Recall,F1
1024,0.8070708128293721,0.8860924344248323,0.7827049510264323,0.8359845227858985,0.8084678816436838
