Image Size,Accuracy,AUROC,Precision,Recall,F1
1024,0.9100617736362684,0.9281640365682748,0.7237654320987654,0.502006957452502,0.5928266708800758
