Image Size,Accuracy,AUROC,Precision,Recall,F1
1024,0.9085261578194256,0.8929789751201817,0.6907391673746814,0.4620630861040068,0.5537204154605824
