Image Size,Accuracy,AUROC,Precision,Recall,F1
1024,0.8618294768436114,0.922536343269034,0.90123873331084,0.9073175465838508,0.904267924072059
