Image Size,Accuracy,AUROC,Precision,Recall,F1
1024,0.8669947300457195,0.9265709111741408,0.90117028898973,0.9154697204968943,0.9082637267409672
