Image Size,Accuracy,AUROC,Precision,Recall,F1
1024,0.8071755139077933,0.8833251441489238,0.8235328467153284,0.8492713477056486,0.8362040852628146
