Image Size,Accuracy,AUROC,Precision,Recall,F1
1024,0.7962168010330506,0.8778466199029901,0.8019043368295767,0.7724276296933219,0.7868900324829373
