Image Size,Accuracy,AUROC,Precision,Recall,F1
1024,0.8956479251736292,0.8467916599026942,0.6280871670702179,0.3685706166524581,0.4645415472779369
