Image Size,Accuracy,AUROC,Precision,Recall,F1
1024,0.9223467001710116,0.9424848169539242,0.737885462555066,0.6275086968156275,0.67823571945047
