Image Size,Accuracy,AUROC,Precision,Recall,F1
1024,0.7980316197256832,0.882083094563396,0.7860355210000762,0.7758049954860066,0.7808867517322328
