Image Size,Accuracy,AUROC,Precision,Recall,F1
1024,0.8027082678951594,0.8781788995749625,0.8234217209000178,0.8396362760448031,0.8314499537851456
