Image Size,Accuracy,AUROC,Precision,Recall,F1
1024,0.7922381600530486,0.8789762063581923,0.7833371940390703,0.763241047246464,0.7731585565674656
