Image Size,Accuracy,AUROC,Precision,Recall,F1
1024,0.9066415384078456,0.8886310778037618,0.6553755522827688,0.5058255186132424,0.5709703287890938
