Image Size,Accuracy,AUROC,Precision,Recall,F1
1024,0.9105154783094266,0.9316447067337584,0.6782133090246126,0.5972705378645973,0.6351735913488902
