Image Size,Accuracy,AUROC,Precision,Recall,F1
1024,0.7967054060656825,0.8716493779867226,0.8165854231514653,0.837287727327472,0.8268070050248268
