Image Size,Accuracy,AUROC,Precision,Recall,F1
1024,0.892855896415733,0.84338160022665,0.601906491148434,0.3768115942028985,0.4634743096819294
