Image Size,Accuracy,AUROC,Precision,Recall,F1
1024,0.8569434265172932,0.9171102854817044,0.895576747975272,0.906832298136646,0.9011693791440628
