Image Size,Accuracy,AUROC,Precision,Recall,F1
1024,0.7978920182877883,0.8755869178403073,0.7846336191870599,0.8063915161937518,0.7953637937736315
