Image Size,Accuracy,AUROC,Precision,Recall,F1
1024,0.9251038285694344,0.9436547420150544,0.7738382099827883,0.6015520470966016,0.676904546823246
