Image Size,Accuracy,AUROC,Precision,Recall,F1
1024,0.8021847625030538,0.8815470200349534,0.7862273794723028,0.8156348523932359,0.800661180277133
