Image Size,Accuracy,AUROC,Precision,Recall,F1
1024,0.8053606952151607,0.880006475000895,0.8198109377718494,0.851258581235698,0.8352388549144731
