Image Size,Accuracy,AUROC,Precision,Recall,F1
1024,0.8669947300457195,0.9236571646435616,0.8892699884125145,0.9309976708074534,0.9096555484436858
