Image Size,Accuracy,AUROC,Precision,Recall,F1
1024,0.7848392838446236,0.8678244103495133,0.7691261989275735,0.7661751429431237,0.7676478347717937
